t,hp,action,ani_state,ani_phase,state_time,task,attacker,foes,foe_d,foe_actions
0.0,200,0,2,5,8.002,PS_Normal,,0,-1,
0.1,200,0,2,5,8.117,PS_Normal,,0,-1,
0.21,200,0,2,5,8.231,PS_Normal,,0,-1,
0.31,200,0,2,5,8.341,PS_Normal,,0,-1,
0.44,200,0,2,5,8.429,PS_Normal,,0,-1,
0.55,200,0,2,5,8.573,PS_Normal,,0,-1,
0.65,200,0,2,5,8.688,PS_Normal,,0,-1,
0.76,200,0,2,5,8.795,PS_Normal,,0,-1,
0.86,200,0,2,5,8.906,PS_Normal,,0,-1,
0.96,200,0,2,5,9.018,PS_Normal,,0,-1,
1.07,200,0,2,5,9.127,PS_Normal,,0,-1,
1.17,200,0,2,5,9.237,PS_Normal,,0,-1,
1.29,200,0,2,5,9.362,PS_Normal,,0,-1,
1.39,200,0,2,5,9.475,PS_Normal,,0,-1,
1.5,200,0,2,5,9.587,PS_Normal,,0,-1,
1.6,200,0,2,5,9.702,PS_Normal,,2,503,122;122
1.74,200,0,2,5,9.844,PS_Normal,,2,503,122;122
1.85,200,0,2,5,9.958,PS_Normal,,2,503,122;122
1.95,200,0,2,5,10.072,PS_Normal,,2,503,122;122
2.06,200,0,2,5,10.185,PS_Normal,,2,503,122;122
2.16,200,0,2,5,10.3,PS_Normal,,2,503,122;122
2.27,200,0,2,5,10.409,PS_Normal,,2,503,122;122
2.38,200,0,2,5,10.517,PS_Normal,,2,503,122;122
2.48,200,0,2,5,10.626,PS_Normal,,2,503,122;122
2.59,200,0,2,5,10.734,PS_Normal,,2,503,122;122
2.69,200,0,2,5,10.846,PS_Normal,,2,503,122;122
2.8,200,0,2,5,10.951,PS_Normal,,2,503,122;122
2.9,200,0,2,5,11.064,PS_Normal,,2,503,122;122
3.01,200,0,2,5,11.17,PS_Normal,,2,503,122;122
3.11,200,0,2,5,11.279,PS_Normal,,2,400,52;52
3.24,200,0,2,5,11.412,PS_Normal,,2,400,52;52
3.34,200,0,2,5,11.516,PS_Normal,,2,400,52;52
3.45,200,0,2,5,11.635,PS_Normal,,2,400,52;52
3.56,200,0,2,5,11.75,PS_Normal,,2,400,52;52
3.66,200,0,2,5,11.862,PS_Normal,,2,400,52;52
3.76,175,26,2,1,0.051,ZS_Stumble,Orc_Warrior_01,2,400,52;52
3.87,175,26,2,1,0.167,ZS_Stumble,Orc_Warrior_01,2,400,52;52
3.98,175,26,2,1,0.272,ZS_Stumble,Orc_Warrior_01,2,400,52;52
4.08,175,0,2,3,0.064,PS_Normal,Orc_Warrior_01,2,400,52;52
4.19,175,0,2,3,0.17,PS_Normal,Orc_Warrior_01,2,400,52;52
4.29,125,26,2,1,0.029,ZS_Stumble,Orc_Warrior_01,2,400,52;52
4.39,125,26,2,1,0.137,ZS_Stumble,Orc_Warrior_01,2,400,52;52
4.49,125,26,2,1,0.252,ZS_Stumble,Orc_Warrior_01,2,400,52;52
4.61,125,0,2,3,0.043,PS_Normal,Orc_Warrior_01,2,400,52;52
4.71,125,0,2,3,0.163,PS_Normal,Orc_Warrior_01,2,163,14;14
4.84,125,0,2,5,0.305,PS_Normal,Orc_Warrior_01,2,163,14;14
4.95,125,0,2,5,0.42,PS_Normal,Orc_Warrior_01,2,163,14;14
5.05,125,0,2,5,0.53,PS_Normal,Orc_Warrior_01,2,163,14;14
5.16,125,0,2,5,0.639,PS_Normal,Orc_Warrior_01,2,163,14;14
5.26,125,0,2,5,0.752,PS_Normal,Orc_Warrior_01,2,163,14;14
5.36,125,0,2,5,0.863,PS_Normal,Orc_Warrior_01,2,163,14;14
5.46,75,0,2,5,0.0,ZS_Stumble,Orc_Warrior_01,2,163,14;14
5.57,75,26,2,1,0.112,ZS_Stumble,Orc_Warrior_01,2,163,14;14
5.67,75,26,2,1,0.227,ZS_Stumble,Orc_Warrior_01,2,163,14;14
5.78,75,0,2,3,0.008,PS_Normal,Orc_Warrior_01,2,163,14;14
5.89,75,0,2,3,0.123,PS_Normal,Orc_Warrior_01,2,163,14;14
5.99,75,0,2,3,0.226,PS_Normal,Orc_Warrior_01,2,163,14;14
6.09,75,0,2,3,0.34,PS_Normal,Orc_Warrior_01,2,163,14;14
6.2,75,0,2,3,0.452,PS_Normal,Orc_Warrior_01,2,163,14;14
6.3,75,0,2,5,0.567,PS_Normal,Orc_Warrior_01,2,196,2;0
6.43,75,0,2,5,0.7,PS_Normal,Orc_Warrior_01,2,196,2;0
6.54,75,0,2,5,0.813,PS_Normal,Orc_Warrior_01,2,196,2;0
6.64,75,0,2,5,0.917,PS_Normal,Orc_Warrior_01,2,196,2;0
6.74,75,0,2,5,1.027,PS_Normal,Orc_Warrior_01,2,196,2;0
6.84,75,0,2,5,1.141,PS_Normal,Orc_Warrior_01,2,196,2;0
6.95,25,26,2,1,0.056,ZS_Stumble,Orc_Warrior_01,2,196,2;0
7.06,25,26,2,1,0.171,ZS_Stumble,Orc_Warrior_01,2,196,2;0
7.16,25,26,2,1,0.281,ZS_Stumble,Orc_Warrior_01,2,196,2;0
7.27,25,0,2,3,0.073,PS_Normal,Orc_Warrior_01,2,196,2;0
7.37,25,0,2,3,0.183,PS_Normal,Orc_Warrior_01,2,196,2;0
7.48,0,0,2,4,0.081,ZS_Unconscious,Orc_Warrior_01,2,196,2;0
7.58,0,0,2,4,0.199,ZS_Unconscious,Orc_Warrior_01,2,196,2;0
7.69,0,0,2,4,0.309,ZS_Unconscious,Orc_Warrior_01,2,196,2;0
7.79,0,0,2,4,0.417,ZS_Unconscious,Orc_Warrior_01,2,196,2;0
7.89,0,0,17,4,0.526,ZS_Unconscious,Orc_Warrior_01,2,171,0;14
8.02,0,0,17,4,0.663,ZS_Unconscious,Orc_Warrior_01,2,171,0;14
8.13,0,0,17,4,0.785,ZS_Unconscious,Orc_Warrior_01,2,171,0;14
8.24,0,0,17,4,0.9,ZS_Unconscious,Orc_Warrior_01,2,171,0;14
8.34,0,0,17,5,0.08,ZS_Unconscious,Orc_Warrior_01,2,171,0;14
8.44,0,0,17,5,0.195,ZS_Unconscious,Orc_Warrior_01,2,171,0;14
8.55,0,0,17,5,0.305,ZS_Unconscious,Orc_Warrior_01,2,171,0;14
8.66,0,0,17,5,0.419,ZS_Unconscious,Orc_Warrior_01,2,171,0;14
8.76,0,0,17,5,0.541,ZS_Unconscious,Orc_Warrior_01,2,171,0;14
8.87,0,0,17,5,0.665,ZS_Unconscious,Orc_Warrior_01,2,171,0;14
8.98,0,0,17,5,0.787,ZS_Unconscious,Orc_Warrior_01,2,171,0;14
9.08,0,0,17,5,0.905,ZS_Unconscious,Orc_Warrior_01,2,171,0;14
9.19,0,0,17,5,1.014,ZS_Unconscious,Orc_Warrior_01,2,171,0;14
9.3,0,0,17,5,1.128,ZS_Unconscious,Orc_Warrior_01,2,171,0;14
9.4,0,0,17,5,1.249,ZS_Unconscious,Orc_Warrior_01,1,213,68
9.54,0,0,17,5,1.393,ZS_Unconscious,Orc_Warrior_01,1,213,68
9.64,0,0,17,5,1.504,ZS_Unconscious,Orc_Warrior_01,1,213,68
9.74,0,0,17,5,1.623,ZS_Unconscious,Orc_Warrior_01,1,213,68
9.85,0,0,17,5,1.742,ZS_Unconscious,Orc_Warrior_01,1,213,68
9.96,0,0,17,5,1.858,ZS_Unconscious,Orc_Warrior_01,1,213,68
10.07,0,0,17,5,1.973,ZS_Unconscious,Orc_Warrior_01,1,213,68
10.17,10,0,17,5,0.08,ZS_Unconscious,Orc_Warrior_01,1,213,68
10.28,10,0,17,5,0.202,ZS_Unconscious,Orc_Warrior_01,1,213,68
10.38,10,0,17,5,0.318,ZS_Unconscious,Orc_Warrior_01,1,213,68
10.48,10,0,17,5,0.429,ZS_Unconscious,Orc_Warrior_01,1,213,68
10.59,10,0,17,5,0.542,ZS_Unconscious,Orc_Warrior_01,1,213,68
10.69,10,0,17,5,0.658,ZS_Unconscious,Orc_Warrior_01,1,213,68
10.8,10,0,17,5,0.769,ZS_Unconscious,Orc_Warrior_01,1,213,68
10.9,10,0,17,5,0.89,ZS_Unconscious,Orc_Warrior_01,1,213,68
11.01,10,0,17,5,1.004,ZS_Unconscious,Orc_Warrior_01,0,-1,
11.14,10,0,17,5,1.149,ZS_Unconscious,Orc_Warrior_01,0,-1,
11.24,10,0,17,5,1.263,ZS_Unconscious,Orc_Warrior_01,0,-1,
11.35,10,0,17,5,1.378,ZS_Unconscious,Orc_Warrior_01,0,-1,
11.45,10,0,17,5,1.495,ZS_Unconscious,Orc_Warrior_01,0,-1,
11.56,10,0,17,5,1.615,ZS_Unconscious,Orc_Warrior_01,0,-1,
11.67,10,0,17,5,1.722,ZS_Unconscious,Orc_Warrior_01,0,-1,
11.78,10,0,17,5,1.845,ZS_Unconscious,Orc_Warrior_01,0,-1,
11.88,10,0,17,5,1.957,ZS_Unconscious,Orc_Warrior_01,0,-1,
11.99,20,0,17,5,0.07,ZS_Unconscious,Orc_Warrior_01,0,-1,
12.09,20,0,17,5,0.185,ZS_Unconscious,Orc_Warrior_01,0,-1,
12.19,20,0,17,5,0.297,ZS_Unconscious,Orc_Warrior_01,0,-1,
12.29,20,0,17,5,0.417,ZS_Unconscious,Orc_Warrior_01,0,-1,
12.4,20,0,17,5,0.536,ZS_Unconscious,Orc_Warrior_01,0,-1,
12.51,20,0,17,5,0.658,ZS_Unconscious,Orc_Warrior_01,0,-1,
12.64,20,0,17,5,0.804,ZS_Unconscious,Orc_Warrior_01,0,-1,
12.75,20,0,17,5,0.921,ZS_Unconscious,Orc_Warrior_01,0,-1,
12.86,20,0,17,5,1.037,ZS_Unconscious,Orc_Warrior_01,0,-1,
12.96,20,0,17,5,1.151,ZS_Unconscious,Orc_Warrior_01,0,-1,
13.07,20,0,17,5,1.264,ZS_Unconscious,Orc_Warrior_01,0,-1,
13.17,20,0,17,5,1.383,ZS_Unconscious,Orc_Warrior_01,0,-1,
13.28,20,0,17,5,1.495,ZS_Unconscious,Orc_Warrior_01,0,-1,
13.38,20,0,17,5,1.61,ZS_Unconscious,Orc_Warrior_01,0,-1,
13.49,20,0,17,5,1.728,ZS_Unconscious,Orc_Warrior_01,0,-1,
13.6,20,0,17,5,1.84,ZS_Unconscious,Orc_Warrior_01,0,-1,
13.7,20,0,17,5,1.952,ZS_Unconscious,Orc_Warrior_01,0,-1,
13.8,30,0,17,5,0.06,ZS_Unconscious,Orc_Warrior_01,0,-1,
13.9,30,0,17,5,0.181,ZS_Unconscious,Orc_Warrior_01,0,-1,
14.01,30,0,17,5,0.295,ZS_Unconscious,Orc_Warrior_01,0,-1,
14.14,30,0,17,5,0.432,ZS_Unconscious,Orc_Warrior_01,0,-1,
14.24,30,0,17,5,0.547,ZS_Unconscious,Orc_Warrior_01,0,-1,
14.35,30,0,17,5,0.663,ZS_Unconscious,Orc_Warrior_01,0,-1,
14.46,30,0,17,5,0.776,ZS_Unconscious,Orc_Warrior_01,0,-1,
14.56,30,0,17,5,0.887,ZS_Unconscious,Orc_Warrior_01,0,-1,
14.66,30,0,17,5,1.002,ZS_Unconscious,Orc_Warrior_01,0,-1,
14.77,30,0,17,5,1.112,ZS_Unconscious,Orc_Warrior_01,0,-1,
14.87,30,0,17,5,1.227,ZS_Unconscious,Orc_Warrior_01,0,-1,
14.97,30,0,17,5,1.342,ZS_Unconscious,Orc_Warrior_01,0,-1,
15.08,30,0,17,5,1.462,ZS_Unconscious,Orc_Warrior_01,0,-1,
15.18,30,0,17,5,1.58,ZS_Unconscious,Orc_Warrior_01,0,-1,
15.29,30,0,17,5,1.698,ZS_Unconscious,Orc_Warrior_01,0,-1,
15.39,30,0,17,5,1.805,ZS_Unconscious,Orc_Warrior_01,0,-1,
15.5,30,0,17,5,1.917,ZS_Unconscious,Orc_Warrior_01,0,-1,
15.6,40,0,17,4,0.027,PS_Normal,Orc_Warrior_01,0,-1,
15.74,40,0,17,4,0.178,PS_Normal,Orc_Warrior_01,0,-1,
15.84,40,0,17,4,0.293,PS_Normal,Orc_Warrior_01,0,-1,
15.94,40,0,17,4,0.411,PS_Normal,Orc_Warrior_01,0,-1,
16.05,40,0,17,4,0.524,PS_Normal,Orc_Warrior_01,0,-1,
16.15,40,0,17,4,0.635,PS_Normal,Orc_Warrior_01,0,-1,
16.26,40,0,17,4,0.748,PS_Normal,Orc_Warrior_01,0,-1,
16.36,40,0,2,4,0.863,PS_Normal,Orc_Warrior_01,0,-1,
16.46,40,0,2,4,0.982,PS_Normal,Orc_Warrior_01,0,-1,
16.57,40,0,2,4,1.092,PS_Normal,Orc_Warrior_01,0,-1,
16.67,40,0,2,4,1.214,PS_Normal,Orc_Warrior_01,0,-1,
16.78,40,0,2,4,1.328,PS_Normal,Orc_Warrior_01,0,-1,
16.88,40,0,2,4,1.445,PS_Normal,Orc_Warrior_01,0,-1,
16.99,40,0,2,4,1.554,PS_Normal,Orc_Warrior_01,0,-1,
17.09,40,0,2,5,0.06,PS_Normal,Orc_Warrior_01,0,-1,
17.2,40,0,2,5,0.176,PS_Normal,Orc_Warrior_01,0,-1,
17.33,40,0,2,5,0.321,PS_Normal,Orc_Warrior_01,0,-1,
17.44,40,0,2,5,0.427,PS_Normal,Orc_Warrior_01,0,-1,
17.54,40,0,2,5,0.546,PS_Normal,Orc_Warrior_01,0,-1,
17.65,40,0,2,5,0.662,PS_Normal,Orc_Warrior_01,0,-1,
17.75,40,0,2,5,0.776,PS_Normal,Orc_Warrior_01,0,-1,
17.86,40,0,2,5,0.884,PS_Normal,Orc_Warrior_01,0,-1,
17.96,40,0,2,5,1.005,PS_Normal,Orc_Warrior_01,0,-1,
18.07,40,0,2,5,1.119,PS_Normal,Orc_Warrior_01,0,-1,
18.17,40,0,2,5,1.234,PS_Normal,Orc_Warrior_01,0,-1,
18.28,40,0,2,5,1.353,PS_Normal,Orc_Warrior_01,0,-1,
18.38,40,0,2,5,1.464,PS_Normal,Orc_Warrior_01,0,-1,
18.48,40,0,2,5,1.576,PS_Normal,Orc_Warrior_01,0,-1,
18.59,40,0,2,5,1.691,PS_Normal,Orc_Warrior_01,0,-1,
18.69,40,0,2,5,1.808,PS_Normal,Orc_Warrior_01,0,-1,
18.79,40,0,2,5,1.921,PS_Normal,Orc_Warrior_01,0,-1,
18.92,40,0,2,5,2.059,PS_Normal,Orc_Warrior_01,0,-1,
19.03,40,0,2,5,2.172,PS_Normal,Orc_Warrior_01,0,-1,
19.13,40,0,2,5,2.289,PS_Normal,Orc_Warrior_01,0,-1,
19.24,40,0,2,5,2.399,PS_Normal,Orc_Warrior_01,0,-1,
19.34,40,0,2,5,2.516,PS_Normal,Orc_Warrior_01,0,-1,
19.45,40,0,2,5,2.626,PS_Normal,Orc_Warrior_01,0,-1,
19.55,40,0,2,5,2.734,PS_Normal,Orc_Warrior_01,0,-1,
19.65,40,0,2,5,2.848,PS_Normal,Orc_Warrior_01,0,-1,
19.76,40,0,2,5,2.963,PS_Normal,Orc_Warrior_01,0,-1,
19.86,40,0,2,5,3.081,PS_Normal,Orc_Warrior_01,0,-1,
19.97,40,0,2,5,3.192,PS_Normal,Orc_Warrior_01,0,-1,
20.07,40,0,2,5,3.311,PS_Normal,Orc_Warrior_01,0,-1,
20.18,40,0,2,5,3.431,PS_Normal,Orc_Warrior_01,0,-1,
20.28,40,0,2,5,3.539,PS_Normal,Orc_Warrior_01,0,-1,
20.39,40,0,2,5,3.65,PS_Normal,Orc_Warrior_01,0,-1,
20.52,40,0,2,5,3.787,PS_Normal,Orc_Warrior_01,0,-1,
20.62,40,0,2,5,3.898,PS_Normal,Orc_Warrior_01,0,-1,
20.73,40,0,2,5,4.004,PS_Normal,Orc_Warrior_01,0,-1,
20.83,40,0,2,5,4.119,PS_Normal,Orc_Warrior_01,0,-1,
20.93,40,0,2,5,4.233,PS_Normal,Orc_Warrior_01,0,-1,
21.04,40,0,2,5,4.341,PS_Normal,Orc_Warrior_01,0,-1,
21.14,40,0,2,5,4.455,PS_Normal,Orc_Warrior_01,0,-1,
21.25,40,0,2,5,4.569,PS_Normal,Orc_Warrior_01,0,-1,
21.35,40,0,2,5,4.676,PS_Normal,Orc_Warrior_01,0,-1,
21.46,40,0,2,5,4.786,PS_Normal,Orc_Warrior_01,0,-1,
21.56,40,0,2,5,4.896,PS_Normal,Orc_Warrior_01,0,-1,
21.66,40,0,2,5,5.015,PS_Normal,Orc_Warrior_01,0,-1,
21.77,40,0,2,5,5.125,PS_Normal,Orc_Warrior_01,0,-1,
21.87,40,0,2,5,5.236,PS_Normal,Orc_Warrior_01,0,-1,
21.97,40,0,2,5,5.354,PS_Normal,Orc_Warrior_01,0,-1,
22.11,40,0,2,5,5.49,PS_Normal,Orc_Warrior_01,0,-1,
22.21,40,0,2,5,5.605,PS_Normal,Orc_Warrior_01,0,-1,
22.32,40,0,2,5,5.721,PS_Normal,Orc_Warrior_01,0,-1,
22.42,40,0,2,5,5.837,PS_Normal,Orc_Warrior_01,0,-1,
22.53,40,0,2,5,5.953,PS_Normal,Orc_Warrior_01,0,-1,
22.64,40,0,2,5,6.06,PS_Normal,Orc_Warrior_01,0,-1,
22.74,40,0,2,5,6.173,PS_Normal,Orc_Warrior_01,0,-1,
22.84,40,0,2,5,6.287,PS_Normal,Orc_Warrior_01,0,-1,
22.95,40,0,2,5,6.398,PS_Normal,Orc_Warrior_01,0,-1,
23.05,40,0,2,5,6.512,PS_Normal,Orc_Warrior_01,0,-1,
23.16,40,0,2,5,6.627,PS_Normal,Orc_Warrior_01,0,-1,
23.26,40,0,2,5,6.744,PS_Normal,Orc_Warrior_01,0,-1,
23.37,40,0,2,5,6.854,PS_Normal,Orc_Warrior_01,0,-1,
23.47,40,0,2,5,6.966,PS_Normal,Orc_Warrior_01,0,-1,
23.57,40,0,2,5,7.082,PS_Normal,Orc_Warrior_01,0,-1,
23.71,40,0,2,5,7.22,PS_Normal,Orc_Warrior_01,0,-1,
23.81,40,0,2,5,7.34,PS_Normal,Orc_Warrior_01,0,-1,
23.92,40,0,2,5,7.456,PS_Normal,Orc_Warrior_01,0,-1,
24.03,40,0,2,5,7.575,PS_Normal,Orc_Warrior_01,0,-1,
24.14,40,0,2,5,7.688,PS_Normal,Orc_Warrior_01,0,-1,
24.24,40,0,2,5,7.798,PS_Normal,Orc_Warrior_01,0,-1,
24.34,40,0,2,5,7.915,PS_Normal,Orc_Warrior_01,0,-1,
24.45,40,0,2,5,8.028,PS_Normal,Orc_Warrior_01,0,-1,
24.56,40,0,2,5,8.137,PS_Normal,Orc_Warrior_01,0,-1,
24.66,40,0,2,5,8.25,PS_Normal,Orc_Warrior_01,0,-1,
24.77,40,0,2,5,8.366,PS_Normal,Orc_Warrior_01,0,-1,
24.87,40,0,2,5,8.482,PS_Normal,Orc_Warrior_01,0,-1,
24.98,40,0,2,5,8.593,PS_Normal,Orc_Warrior_01,0,-1,
25.08,40,0,2,5,8.703,PS_Normal,Orc_Warrior_01,0,-1,
25.21,40,0,2,5,8.838,PS_Normal,Orc_Warrior_01,0,-1,
25.31,40,0,2,5,8.953,PS_Normal,Orc_Warrior_01,0,-1,
25.42,40,0,2,5,9.066,PS_Normal,Orc_Warrior_01,0,-1,
25.53,40,0,2,5,9.181,PS_Normal,Orc_Warrior_01,0,-1,
25.63,40,0,2,5,9.298,PS_Normal,Orc_Warrior_01,0,-1,
25.74,40,0,2,5,9.412,PS_Normal,Orc_Warrior_01,0,-1,
25.84,40,0,2,5,9.523,PS_Normal,Orc_Warrior_01,0,-1,
25.95,40,0,2,5,9.639,PS_Normal,Orc_Warrior_01,0,-1,
26.05,40,0,2,5,9.757,PS_Normal,Orc_Warrior_01,0,-1,
26.15,40,0,2,5,9.874,PS_Normal,Orc_Warrior_01,0,-1,
26.26,40,0,2,5,9.986,PS_Normal,Orc_Warrior_01,0,-1,
26.36,40,0,2,5,10.098,PS_Normal,Orc_Warrior_01,0,-1,
26.46,40,0,2,5,10.209,PS_Normal,Orc_Warrior_01,0,-1,
26.57,40,0,2,5,10.324,PS_Normal,Orc_Warrior_01,0,-1,
26.67,40,0,2,5,10.438,PS_Normal,Orc_Warrior_01,0,-1,
26.8,40,0,2,5,10.581,PS_Normal,Orc_Warrior_01,0,-1,
26.91,40,0,2,5,10.694,PS_Normal,Orc_Warrior_01,0,-1,
27.01,40,0,2,5,10.812,PS_Normal,Orc_Warrior_01,0,-1,
27.12,40,0,2,5,10.925,PS_Normal,Orc_Warrior_01,0,-1,
27.22,40,0,2,5,11.037,PS_Normal,Orc_Warrior_01,0,-1,
27.32,40,0,2,5,11.153,PS_Normal,Orc_Warrior_01,0,-1,
27.43,40,0,2,5,11.271,PS_Normal,Orc_Warrior_01,0,-1,
27.53,40,0,2,5,11.383,PS_Normal,Orc_Warrior_01,0,-1,
27.64,40,0,2,5,11.498,PS_Normal,Orc_Warrior_01,0,-1,
27.74,40,0,2,5,11.622,PS_Normal,Orc_Warrior_01,0,-1,
27.85,40,0,2,5,11.736,PS_Normal,Orc_Warrior_01,0,-1,
27.95,40,0,2,5,11.857,PS_Normal,Orc_Warrior_01,0,-1,
28.06,40,0,2,5,11.979,PS_Normal,Orc_Warrior_01,0,-1,
28.17,40,0,2,5,12.096,PS_Normal,Orc_Warrior_01,0,-1,
28.27,40,0,2,5,12.211,PS_Normal,Orc_Warrior_01,0,-1,
28.4,40,0,2,5,12.351,PS_Normal,Orc_Warrior_01,0,-1,
28.5,40,0,2,5,12.465,PS_Normal,Orc_Warrior_01,0,-1,
28.61,40,0,2,5,12.579,PS_Normal,Orc_Warrior_01,0,-1,
28.72,40,0,2,5,12.694,PS_Normal,Orc_Warrior_01,0,-1,
28.82,40,0,2,5,12.812,PS_Normal,Orc_Warrior_01,0,-1,
28.92,40,0,2,5,12.934,PS_Normal,Orc_Warrior_01,0,-1,
29.03,40,0,2,5,13.048,PS_Normal,Orc_Warrior_01,0,-1,
29.13,40,0,2,5,13.169,PS_Normal,Orc_Warrior_01,0,-1,
29.24,40,0,2,5,13.286,PS_Normal,Orc_Warrior_01,0,-1,
29.35,40,0,2,5,13.401,PS_Normal,Orc_Warrior_01,0,-1,
29.45,40,0,2,5,13.514,PS_Normal,Orc_Warrior_01,0,-1,
29.56,40,0,2,5,13.634,PS_Normal,Orc_Warrior_01,0,-1,
29.66,40,0,2,5,13.751,PS_Normal,Orc_Warrior_01,0,-1,
29.77,40,0,2,5,13.861,PS_Normal,Orc_Warrior_01,0,-1,
29.87,40,0,2,5,13.977,PS_Normal,Orc_Warrior_01,0,-1,
30.0,40,0,2,5,14.115,PS_Normal,Orc_Warrior_01,0,-1,
30.11,40,0,2,5,14.227,PS_Normal,Orc_Warrior_01,0,-1,
30.21,40,0,2,5,14.346,PS_Normal,Orc_Warrior_01,0,-1,
30.31,40,0,2,5,14.466,PS_Normal,Orc_Warrior_01,0,-1,
30.42,40,0,2,5,14.582,PS_Normal,Orc_Warrior_01,0,-1,
30.53,40,0,2,5,14.704,PS_Normal,Orc_Warrior_01,0,-1,
30.64,40,0,2,5,14.822,PS_Normal,Orc_Warrior_01,0,-1,
30.75,40,0,2,5,14.941,PS_Normal,Orc_Warrior_01,0,-1,
30.86,40,0,2,5,15.054,PS_Normal,Orc_Warrior_01,0,-1,
30.96,40,0,2,5,15.176,PS_Normal,Orc_Warrior_01,0,-1,
31.07,40,0,2,5,15.291,PS_Normal,Orc_Warrior_01,0,-1,
31.17,40,0,2,5,15.408,PS_Normal,Orc_Warrior_01,0,-1,
31.28,40,0,2,5,15.519,PS_Normal,Orc_Warrior_01,0,-1,
31.38,40,0,2,5,15.631,PS_Normal,Orc_Warrior_01,0,-1,
31.51,40,0,2,5,15.77,PS_Normal,Orc_Warrior_01,0,-1,
31.61,40,0,2,5,15.887,PS_Normal,Orc_Warrior_01,0,-1,
31.72,40,0,2,5,15.999,PS_Normal,Orc_Warrior_01,0,-1,
31.82,40,0,2,5,16.116,PS_Normal,Orc_Warrior_01,0,-1,
31.93,40,0,2,5,16.232,PS_Normal,Orc_Warrior_01,0,-1,
32.03,40,0,2,5,16.348,PS_Normal,Orc_Warrior_01,0,-1,
32.14,40,0,2,5,16.463,PS_Normal,Orc_Warrior_01,0,-1,
32.25,40,0,2,5,16.578,PS_Normal,Orc_Warrior_01,0,-1,
32.36,40,0,2,5,16.693,PS_Normal,Orc_Warrior_01,0,-1,
32.46,40,0,2,5,16.804,PS_Normal,Orc_Warrior_01,0,-1,
32.56,40,0,2,5,16.915,PS_Normal,Orc_Warrior_01,0,-1,
32.67,40,0,2,5,17.025,PS_Normal,Orc_Warrior_01,0,-1,
32.77,40,0,2,5,17.135,PS_Normal,Orc_Warrior_01,0,-1,
32.87,40,0,2,5,17.253,PS_Normal,Orc_Warrior_01,0,-1,
32.98,40,0,2,5,17.364,PS_Normal,Orc_Warrior_01,0,-1,
33.11,40,0,2,5,17.506,PS_Normal,Orc_Warrior_01,0,-1,
33.21,40,0,2,5,17.615,PS_Normal,Orc_Warrior_01,0,-1,
33.31,40,0,2,5,17.73,PS_Normal,Orc_Warrior_01,0,-1,
33.42,40,0,2,5,17.848,PS_Normal,Orc_Warrior_01,0,-1,
33.53,40,0,2,5,17.961,PS_Normal,Orc_Warrior_01,0,-1,
33.64,40,0,2,5,18.076,PS_Normal,Orc_Warrior_01,0,-1,
33.75,40,0,2,5,18.186,PS_Normal,Orc_Warrior_01,0,-1,
33.85,40,0,2,5,18.295,PS_Normal,Orc_Warrior_01,0,-1,
33.95,40,0,2,5,18.411,PS_Normal,Orc_Warrior_01,0,-1,
34.06,40,0,2,5,18.532,PS_Normal,Orc_Warrior_01,0,-1,
34.17,40,0,2,5,18.648,PS_Normal,Orc_Warrior_01,0,-1,
34.27,40,0,2,5,18.757,PS_Normal,Orc_Warrior_01,0,-1,
34.37,40,0,2,5,18.871,PS_Normal,Orc_Warrior_01,0,-1,
34.48,40,0,2,5,18.983,PS_Normal,Orc_Warrior_01,0,-1,
34.61,40,0,2,5,19.131,PS_Normal,Orc_Warrior_01,0,-1,
34.72,40,0,2,5,19.242,PS_Normal,Orc_Warrior_01,0,-1,
34.82,40,0,2,5,19.352,PS_Normal,Orc_Warrior_01,0,-1,
34.93,40,0,2,5,19.465,PS_Normal,Orc_Warrior_01,0,-1,
35.03,40,0,2,5,19.578,PS_Normal,Orc_Warrior_01,0,-1,
35.14,40,0,2,5,19.694,PS_Normal,Orc_Warrior_01,0,-1,
35.25,40,0,2,5,19.804,PS_Normal,Orc_Warrior_01,0,-1,
35.35,40,0,2,5,19.918,PS_Normal,Orc_Warrior_01,0,-1,
35.45,40,0,2,5,20.03,PS_Normal,Orc_Warrior_01,0,-1,
35.56,40,0,2,5,20.149,PS_Normal,Orc_Warrior_01,0,-1,
35.67,40,0,2,5,20.265,PS_Normal,Orc_Warrior_01,0,-1,
35.77,40,0,2,5,20.381,PS_Normal,Orc_Warrior_01,0,-1,
35.88,40,0,2,5,20.499,PS_Normal,Orc_Warrior_01,0,-1,
35.99,40,0,2,5,20.617,PS_Normal,Orc_Warrior_01,0,-1,
36.12,40,0,2,5,20.76,PS_Normal,Orc_Warrior_01,0,-1,
36.23,40,0,2,5,20.875,PS_Normal,Orc_Warrior_01,0,-1,
36.33,40,0,2,5,20.989,PS_Normal,Orc_Warrior_01,0,-1,
36.44,40,0,2,5,21.105,PS_Normal,Orc_Warrior_01,0,-1,
36.55,40,0,2,5,21.221,PS_Normal,Orc_Warrior_01,0,-1,
36.66,40,0,2,5,21.336,PS_Normal,Orc_Warrior_01,0,-1,
36.76,40,0,2,5,21.446,PS_Normal,Orc_Warrior_01,0,-1,
36.86,40,0,2,5,21.552,PS_Normal,Orc_Warrior_01,0,-1,
36.96,40,0,2,5,21.666,PS_Normal,Orc_Warrior_01,0,-1,
37.06,40,0,2,5,21.78,PS_Normal,Orc_Warrior_01,0,-1,
37.17,40,0,2,5,21.9,PS_Normal,Orc_Warrior_01,0,-1,
37.27,40,0,2,5,22.022,PS_Normal,Orc_Warrior_01,0,-1,
37.38,40,0,2,5,22.138,PS_Normal,Orc_Warrior_01,0,-1,
37.49,40,0,2,5,22.251,PS_Normal,Orc_Warrior_01,0,-1,
37.62,40,0,2,5,22.393,PS_Normal,Orc_Warrior_01,0,-1,
37.72,40,0,2,5,22.503,PS_Normal,Orc_Warrior_01,0,-1,
37.83,40,0,2,5,22.61,PS_Normal,Orc_Warrior_01,0,-1,
37.93,40,0,2,5,22.715,PS_Normal,Orc_Warrior_01,0,-1,
38.03,40,0,2,5,22.83,PS_Normal,Orc_Warrior_01,0,-1,
38.14,40,0,2,5,22.949,PS_Normal,Orc_Warrior_01,0,-1,
38.25,40,0,2,5,23.067,PS_Normal,Orc_Warrior_01,0,-1,
38.35,40,0,2,5,23.187,PS_Normal,Orc_Warrior_01,0,-1,
38.46,40,0,2,5,23.297,PS_Normal,Orc_Warrior_01,0,-1,
38.56,40,0,2,5,23.412,PS_Normal,Orc_Warrior_01,0,-1,
38.67,40,0,2,5,23.527,PS_Normal,Orc_Warrior_01,0,-1,
38.77,40,0,2,5,23.64,PS_Normal,Orc_Warrior_01,0,-1,
38.88,40,0,2,5,23.754,PS_Normal,Orc_Warrior_01,0,-1,
38.98,40,0,2,5,23.864,PS_Normal,Orc_Warrior_01,0,-1,
39.08,40,0,2,5,23.976,PS_Normal,Orc_Warrior_01,0,-1,
39.21,40,0,2,5,24.117,PS_Normal,Orc_Warrior_01,0,-1,
39.31,40,0,2,5,24.227,PS_Normal,Orc_Warrior_01,0,-1,
39.42,40,0,2,5,24.349,PS_Normal,Orc_Warrior_01,0,-1,
39.53,40,0,2,5,24.47,PS_Normal,Orc_Warrior_01,0,-1,
39.63,40,0,2,5,24.586,PS_Normal,Orc_Warrior_01,0,-1,
39.74,40,0,2,5,24.702,PS_Normal,Orc_Warrior_01,0,-1,
39.85,40,0,2,5,24.82,PS_Normal,Orc_Warrior_01,0,-1,
39.95,40,0,2,5,24.936,PS_Normal,Orc_Warrior_01,0,-1,
40.06,40,0,2,5,25.048,PS_Normal,Orc_Warrior_01,0,-1,
40.17,40,0,2,5,25.156,PS_Normal,Orc_Warrior_01,0,-1,
40.27,40,0,2,5,25.266,PS_Normal,Orc_Warrior_01,0,-1,
40.37,40,0,2,5,25.38,PS_Normal,Orc_Warrior_01,0,-1,
40.48,40,0,2,5,25.495,PS_Normal,Orc_Warrior_01,0,-1,
40.59,40,0,2,5,25.609,PS_Normal,Orc_Warrior_01,0,-1,
40.72,40,0,2,5,25.751,PS_Normal,Orc_Warrior_01,0,-1,
40.82,40,0,2,5,25.869,PS_Normal,Orc_Warrior_01,0,-1,
40.93,40,0,2,5,25.983,PS_Normal,Orc_Warrior_01,0,-1,
41.03,40,0,2,5,26.096,PS_Normal,Orc_Warrior_01,0,-1,
41.14,40,0,2,5,26.204,PS_Normal,Orc_Warrior_01,0,-1,
41.24,40,0,2,5,26.317,PS_Normal,Orc_Warrior_01,0,-1,
41.35,40,0,2,5,26.421,PS_Normal,Orc_Warrior_01,0,-1,
41.45,40,0,2,5,26.543,PS_Normal,Orc_Warrior_01,0,-1,
41.56,40,0,2,5,26.656,PS_Normal,Orc_Warrior_01,0,-1,
41.66,40,0,2,5,26.767,PS_Normal,Orc_Warrior_01,0,-1,
41.77,40,0,2,5,26.875,PS_Normal,Orc_Warrior_01,0,-1,
41.87,40,0,2,5,26.991,PS_Normal,Orc_Warrior_01,0,-1,
41.97,40,0,2,5,27.097,PS_Normal,Orc_Warrior_01,0,-1,
42.08,40,0,2,5,27.21,PS_Normal,Orc_Warrior_01,0,-1,
42.18,40,0,2,5,27.327,PS_Normal,Orc_Warrior_01,0,-1,
42.31,40,0,2,5,27.461,PS_Normal,Orc_Warrior_01,0,-1,
42.42,40,0,2,5,27.57,PS_Normal,Orc_Warrior_01,0,-1,
42.52,40,0,2,5,27.68,PS_Normal,Orc_Warrior_01,0,-1,
42.62,40,0,2,5,27.795,PS_Normal,Orc_Warrior_01,0,-1,
42.73,40,0,2,5,27.911,PS_Normal,Orc_Warrior_01,0,-1,
42.84,40,0,2,5,28.019,PS_Normal,Orc_Warrior_01,0,-1,
42.95,40,0,2,5,28.123,PS_Normal,Orc_Warrior_01,0,-1,
43.05,40,0,2,5,28.237,PS_Normal,Orc_Warrior_01,0,-1,
43.15,40,0,2,5,28.342,PS_Normal,Orc_Warrior_01,0,-1,
43.25,40,0,2,5,28.458,PS_Normal,Orc_Warrior_01,0,-1,
43.36,40,0,2,5,28.574,PS_Normal,Orc_Warrior_01,0,-1,
43.47,40,0,2,5,28.682,PS_Normal,Orc_Warrior_01,0,-1,
43.57,40,0,2,5,28.794,PS_Normal,Orc_Warrior_01,0,-1,
43.67,40,0,2,5,28.908,PS_Normal,Orc_Warrior_01,0,-1,
43.78,40,0,2,5,29.017,PS_Normal,Orc_Warrior_01,0,-1,
43.91,40,0,2,5,29.159,PS_Normal,Orc_Warrior_01,0,-1,
44.02,40,0,2,5,29.274,PS_Normal,Orc_Warrior_01,0,-1,
44.13,40,0,2,5,29.385,PS_Normal,Orc_Warrior_01,0,-1,
44.23,40,0,2,5,29.501,PS_Normal,Orc_Warrior_01,0,-1,
44.34,40,0,2,5,29.618,PS_Normal,Orc_Warrior_01,0,-1,
44.45,40,0,2,5,29.73,PS_Normal,Orc_Warrior_01,0,-1,
44.55,40,0,2,5,29.844,PS_Normal,Orc_Warrior_01,0,-1,
44.66,40,0,2,5,29.952,PS_Normal,Orc_Warrior_01,0,-1,
44.76,40,0,2,5,30.063,PS_Normal,Orc_Warrior_01,0,-1,
44.87,40,0,2,5,30.173,PS_Normal,Orc_Warrior_01,0,-1,
44.97,40,0,2,5,30.28,PS_Normal,Orc_Warrior_01,0,-1,
45.07,40,0,2,5,30.386,PS_Normal,Orc_Warrior_01,0,-1,
45.17,40,0,2,5,30.496,PS_Normal,Orc_Warrior_01,0,-1,
45.28,40,0,2,5,30.61,PS_Normal,Orc_Warrior_01,0,-1,
45.38,40,0,2,5,30.721,PS_Normal,Orc_Warrior_01,1,544,52
45.51,40,0,2,5,30.86,PS_Normal,Orc_Warrior_01,1,544,52
45.62,40,0,2,5,30.969,PS_Normal,Orc_Warrior_01,1,544,52
45.72,40,0,2,5,31.077,PS_Normal,Orc_Warrior_01,1,544,52
45.83,40,0,2,5,31.192,PS_Normal,Orc_Warrior_01,1,544,52
45.94,40,0,2,5,31.302,PS_Normal,Orc_Warrior_01,1,544,52
46.04,40,0,2,5,31.415,PS_Normal,Orc_Warrior_01,1,544,52
46.14,40,0,2,5,31.526,PS_Normal,Orc_Warrior_01,1,544,52
46.24,40,0,2,5,31.633,PS_Normal,Orc_Warrior_01,1,544,52
46.35,40,0,2,5,31.739,PS_Normal,Orc_Warrior_01,1,544,52
46.45,40,0,2,5,31.819,PS_Normal,Orc_Warrior_01,1,544,52
46.55,40,0,2,5,31.951,PS_Normal,Orc_Warrior_01,1,544,52
46.66,40,0,2,5,32.059,PS_Normal,Orc_Warrior_01,1,544,52
46.76,40,0,2,5,32.175,PS_Normal,Orc_Warrior_01,1,544,52
46.87,40,0,2,5,32.293,PS_Normal,Orc_Warrior_01,1,544,52
46.98,40,0,2,5,32.407,PS_Normal,Orc_Warrior_01,1,293,2
47.11,40,0,2,5,32.548,PS_Normal,Orc_Warrior_01,1,293,2
47.21,40,0,2,5,32.654,PS_Normal,Orc_Warrior_01,1,293,2
47.32,40,0,2,5,32.775,PS_Normal,Orc_Warrior_01,1,293,2
47.42,40,0,2,5,32.884,PS_Normal,Orc_Warrior_01,1,293,2
47.53,40,0,2,5,32.997,PS_Normal,Orc_Warrior_01,1,293,2
47.63,40,0,2,5,33.114,PS_Normal,Orc_Warrior_01,1,293,2
47.74,0,0,2,4,0.083,ZS_Unconscious,Orc_GameStartRaider_Warrior_05,1,293,2
47.84,0,0,2,4,0.2,ZS_Unconscious,Orc_GameStartRaider_Warrior_05,1,293,2
47.96,0,0,2,4,0.32,ZS_Unconscious,Orc_GameStartRaider_Warrior_05,1,293,2
48.06,0,0,2,4,0.436,ZS_Unconscious,Orc_GameStartRaider_Warrior_05,1,293,2
48.17,0,0,2,4,0.553,ZS_Unconscious,Orc_GameStartRaider_Warrior_05,1,293,2
48.28,0,0,2,4,0.667,ZS_Unconscious,Orc_GameStartRaider_Warrior_05,1,293,2
48.38,0,0,17,4,0.787,ZS_Unconscious,Orc_GameStartRaider_Warrior_05,1,293,2
48.49,0,0,17,4,0.904,ZS_Unconscious,Orc_GameStartRaider_Warrior_05,1,316,68
48.62,0,0,17,4,1.047,ZS_Unconscious,Orc_GameStartRaider_Warrior_05,1,316,68
48.73,0,0,17,4,1.164,ZS_Unconscious,Orc_GameStartRaider_Warrior_05,1,316,68
48.83,0,0,17,4,1.284,ZS_Unconscious,Orc_GameStartRaider_Warrior_05,1,316,68
48.93,0,0,17,4,1.398,ZS_Unconscious,Orc_GameStartRaider_Warrior_05,1,316,68
49.04,0,0,17,5,0.103,ZS_Unconscious,Orc_GameStartRaider_Warrior_05,1,316,68
49.14,0,0,17,5,0.216,ZS_Unconscious,Orc_GameStartRaider_Warrior_05,1,316,68
49.25,0,0,17,5,0.335,ZS_Unconscious,Orc_GameStartRaider_Warrior_05,1,316,68
49.35,0,0,17,5,0.448,ZS_Unconscious,Orc_GameStartRaider_Warrior_05,1,316,68
49.45,0,0,17,5,0.565,ZS_Unconscious,Orc_GameStartRaider_Warrior_05,1,316,68
49.56,0,0,17,5,0.683,ZS_Unconscious,Orc_GameStartRaider_Warrior_05,1,316,68
49.67,0,0,17,5,0.804,ZS_Unconscious,Orc_GameStartRaider_Warrior_05,1,316,68
49.77,0,0,17,5,0.921,ZS_Unconscious,Orc_GameStartRaider_Warrior_05,1,316,68
49.88,0,0,17,5,1.036,ZS_Unconscious,Orc_GameStartRaider_Warrior_05,1,316,68
49.98,0,0,17,5,1.155,ZS_Unconscious,Orc_GameStartRaider_Warrior_05,1,316,68
50.09,10,0,17,5,0.064,ZS_Unconscious,Orc_GameStartRaider_Warrior_05,1,339,0
50.21,10,0,17,5,0.209,ZS_Unconscious,Orc_GameStartRaider_Warrior_05,1,339,0
50.32,10,0,17,5,0.328,ZS_Unconscious,Orc_GameStartRaider_Warrior_05,1,339,0
50.43,10,0,17,5,0.451,ZS_Unconscious,Orc_GameStartRaider_Warrior_05,1,339,0
50.53,10,0,17,5,0.575,ZS_Unconscious,Orc_GameStartRaider_Warrior_05,1,339,0
50.64,10,0,17,5,0.692,ZS_Unconscious,Orc_GameStartRaider_Warrior_05,1,339,0
50.75,10,0,17,5,0.811,ZS_Unconscious,Orc_GameStartRaider_Warrior_05,1,339,0
50.86,10,0,17,5,0.934,ZS_Unconscious,Orc_GameStartRaider_Warrior_05,1,339,0
50.96,10,0,17,5,1.048,ZS_Unconscious,Orc_GameStartRaider_Warrior_05,1,339,0
51.06,10,0,17,5,1.168,ZS_Unconscious,Orc_GameStartRaider_Warrior_05,1,339,0
51.17,20,0,17,5,0.07,ZS_Unconscious,Orc_GameStartRaider_Warrior_05,1,339,0
51.27,20,0,17,5,0.192,ZS_Unconscious,Orc_GameStartRaider_Warrior_05,1,339,0
51.38,20,0,17,5,0.307,ZS_Unconscious,Orc_GameStartRaider_Warrior_05,1,339,0
51.48,20,0,17,5,0.426,ZS_Unconscious,Orc_GameStartRaider_Warrior_05,1,339,0
51.59,20,0,17,5,0.54,ZS_Unconscious,Orc_GameStartRaider_Warrior_05,1,339,0
51.69,20,0,17,5,0.653,ZS_Unconscious,Orc_GameStartRaider_Warrior_05,1,132,0
51.82,20,0,17,5,0.799,ZS_Unconscious,Orc_GameStartRaider_Warrior_05,1,132,0
51.92,20,0,17,5,0.916,ZS_Unconscious,Orc_GameStartRaider_Warrior_05,1,132,0
52.03,20,0,17,5,1.031,ZS_Unconscious,Orc_GameStartRaider_Warrior_05,1,132,0
52.13,20,0,17,5,1.145,ZS_Unconscious,Orc_GameStartRaider_Warrior_05,1,132,0
52.23,30,0,17,5,0.044,ZS_Unconscious,Orc_GameStartRaider_Warrior_05,1,132,0
52.34,30,0,17,5,0.166,ZS_Unconscious,Orc_GameStartRaider_Warrior_05,1,132,0
52.44,30,0,17,5,0.281,ZS_Unconscious,Orc_GameStartRaider_Warrior_05,1,132,0
52.54,30,0,17,5,0.4,ZS_Unconscious,Orc_GameStartRaider_Warrior_05,1,132,0
52.65,30,0,17,5,0.518,ZS_Unconscious,Orc_GameStartRaider_Warrior_05,1,132,0
52.76,30,0,17,5,0.637,ZS_Unconscious,Orc_GameStartRaider_Warrior_05,1,132,0
52.86,30,0,17,5,0.75,ZS_Unconscious,Orc_GameStartRaider_Warrior_05,1,132,0
52.97,30,0,17,5,0.875,ZS_Unconscious,Orc_GameStartRaider_Warrior_05,1,132,0
53.07,30,0,17,5,0.995,ZS_Unconscious,Orc_GameStartRaider_Warrior_05,1,132,0
53.17,30,0,17,5,1.115,ZS_Unconscious,Orc_GameStartRaider_Warrior_05,1,132,0
53.28,40,0,17,5,0.017,ZS_Unconscious,Orc_GameStartRaider_Warrior_05,1,60,0
53.41,40,0,17,5,0.172,ZS_Unconscious,Orc_GameStartRaider_Warrior_05,1,60,0
53.52,40,0,17,5,0.295,ZS_Unconscious,Orc_GameStartRaider_Warrior_05,1,60,0
53.63,40,0,17,5,0.419,ZS_Unconscious,Orc_GameStartRaider_Warrior_05,1,60,0
53.74,40,0,17,5,0.536,ZS_Unconscious,Orc_GameStartRaider_Warrior_05,1,60,0
53.84,40,0,17,5,0.658,ZS_Unconscious,Orc_GameStartRaider_Warrior_05,1,60,0
53.94,40,0,17,5,0.782,ZS_Unconscious,Orc_GameStartRaider_Warrior_05,1,60,0
54.05,40,0,17,5,0.906,ZS_Unconscious,Orc_GameStartRaider_Warrior_05,1,60,0
54.15,40,0,17,5,1.027,ZS_Unconscious,Orc_GameStartRaider_Warrior_05,1,60,0
54.26,40,0,17,5,1.145,ZS_Unconscious,Orc_GameStartRaider_Warrior_05,1,60,0
54.36,50,0,17,5,0.046,ZS_Unconscious,Orc_GameStartRaider_Warrior_05,1,60,0
54.46,50,0,17,5,0.166,ZS_Unconscious,Orc_GameStartRaider_Warrior_05,1,60,0
54.57,50,0,17,5,0.292,ZS_Unconscious,Orc_GameStartRaider_Warrior_05,1,60,0
54.67,50,0,17,5,0.413,ZS_Unconscious,Orc_GameStartRaider_Warrior_05,1,60,0
54.78,50,0,17,5,0.528,ZS_Unconscious,Orc_GameStartRaider_Warrior_05,1,60,68
54.9,50,0,17,5,0.67,ZS_Unconscious,Orc_GameStartRaider_Warrior_05,1,60,68
55.01,50,0,17,5,0.793,ZS_Unconscious,Orc_GameStartRaider_Warrior_05,1,60,68
55.11,50,0,17,5,0.915,ZS_Unconscious,Orc_GameStartRaider_Warrior_05,1,60,68
55.22,50,0,17,5,1.034,ZS_Unconscious,Orc_GameStartRaider_Warrior_05,1,60,68
55.32,50,0,17,5,1.15,ZS_Unconscious,Orc_GameStartRaider_Warrior_05,1,60,68
55.42,60,0,17,5,0.054,ZS_Unconscious,Orc_GameStartRaider_Warrior_05,1,60,68
55.53,60,0,17,5,0.163,ZS_Unconscious,Orc_GameStartRaider_Warrior_05,1,60,68
55.63,60,0,17,5,0.274,ZS_Unconscious,Orc_GameStartRaider_Warrior_05,1,60,68
55.74,60,0,17,5,0.387,ZS_Unconscious,Orc_GameStartRaider_Warrior_05,1,60,68
55.84,60,0,17,5,0.505,ZS_Unconscious,Orc_GameStartRaider_Warrior_05,1,60,68
55.95,60,0,17,5,0.62,ZS_Unconscious,Orc_GameStartRaider_Warrior_05,1,60,68
56.05,60,0,17,5,0.731,ZS_Unconscious,Orc_GameStartRaider_Warrior_05,1,60,68
56.15,60,0,17,5,0.844,ZS_Unconscious,Orc_GameStartRaider_Warrior_05,1,60,68
56.26,60,0,17,5,0.96,ZS_Unconscious,Orc_GameStartRaider_Warrior_05,1,60,68
56.36,60,0,17,5,1.078,ZS_Unconscious,Orc_GameStartRaider_Warrior_05,1,310,52
56.49,70,0,17,5,0.009,ZS_Unconscious,Orc_GameStartRaider_Warrior_05,1,310,52
56.6,70,0,17,5,0.122,ZS_Unconscious,Orc_GameStartRaider_Warrior_05,1,310,52
56.7,70,0,17,5,0.242,ZS_Unconscious,Orc_GameStartRaider_Warrior_05,1,310,52
56.81,70,0,17,5,0.355,ZS_Unconscious,Orc_GameStartRaider_Warrior_05,1,310,52
56.91,70,0,17,5,0.478,ZS_Unconscious,Orc_GameStartRaider_Warrior_05,1,310,52
57.02,70,0,17,5,0.592,ZS_Unconscious,Orc_GameStartRaider_Warrior_05,1,310,52
57.12,70,0,17,5,0.706,ZS_Unconscious,Orc_GameStartRaider_Warrior_05,1,310,52
57.23,70,0,17,5,0.824,ZS_Unconscious,Orc_GameStartRaider_Warrior_05,1,310,52
57.33,70,0,17,5,0.943,ZS_Unconscious,Orc_GameStartRaider_Warrior_05,1,310,52
57.44,70,0,17,5,1.062,ZS_Unconscious,Orc_GameStartRaider_Warrior_05,1,310,52
57.55,70,0,17,5,1.179,ZS_Unconscious,Orc_GameStartRaider_Warrior_05,1,310,52
57.65,80,0,17,4,0.08,PS_Normal,Orc_GameStartRaider_Warrior_05,1,310,52
57.75,80,0,17,4,0.197,PS_Normal,Orc_GameStartRaider_Warrior_05,1,310,52
57.86,80,0,17,4,0.309,PS_Normal,Orc_GameStartRaider_Warrior_05,1,310,52
57.96,80,0,17,4,0.424,PS_Normal,Orc_GameStartRaider_Warrior_05,1,752,52
58.1,80,0,17,4,0.567,PS_Normal,Orc_GameStartRaider_Warrior_05,1,752,52
58.2,80,0,17,4,0.679,PS_Normal,Orc_GameStartRaider_Warrior_05,1,752,52
58.3,80,0,17,4,0.795,PS_Normal,Orc_GameStartRaider_Warrior_05,1,752,52
58.41,80,0,2,4,0.908,PS_Normal,Orc_GameStartRaider_Warrior_05,1,752,52
58.51,80,0,2,4,1.02,PS_Normal,Orc_GameStartRaider_Warrior_05,1,752,52
58.62,80,0,2,4,1.135,PS_Normal,Orc_GameStartRaider_Warrior_05,1,752,52
58.72,80,0,2,4,1.247,PS_Normal,Orc_GameStartRaider_Warrior_05,1,752,52
58.82,80,0,2,4,1.361,PS_Normal,Orc_GameStartRaider_Warrior_05,1,752,52
58.93,80,0,2,4,1.474,PS_Normal,Orc_GameStartRaider_Warrior_05,1,752,52
59.03,80,0,2,4,1.592,PS_Normal,Orc_GameStartRaider_Warrior_05,1,752,52
59.14,80,0,2,12,0.1,PS_Normal,Orc_GameStartRaider_Warrior_05,1,752,52
59.25,80,0,2,12,0.219,PS_Normal,Orc_GameStartRaider_Warrior_05,1,752,52
59.35,80,0,2,12,0.33,PS_Normal,Orc_GameStartRaider_Warrior_05,1,752,52
59.45,80,0,2,5,0.446,PS_Normal,Orc_GameStartRaider_Warrior_05,1,752,52
59.56,80,0,2,5,0.559,PS_Normal,Orc_GameStartRaider_Warrior_05,0,-1,
59.7,80,0,2,5,0.708,PS_Normal,Orc_GameStartRaider_Warrior_05,0,-1,
59.81,80,0,2,5,0.823,PS_Normal,Orc_GameStartRaider_Warrior_05,0,-1,
59.91,80,0,2,5,0.935,PS_Normal,Orc_GameStartRaider_Warrior_05,0,-1,
60.02,80,0,2,5,1.053,PS_Normal,Orc_GameStartRaider_Warrior_05,0,-1,
60.12,80,0,2,5,1.163,PS_Normal,Orc_GameStartRaider_Warrior_05,0,-1,
60.22,80,0,2,5,1.286,PS_Normal,Orc_GameStartRaider_Warrior_05,0,-1,
60.32,80,0,2,5,1.409,PS_Normal,Orc_GameStartRaider_Warrior_05,0,-1,
60.43,80,0,2,5,1.524,PS_Normal,Orc_GameStartRaider_Warrior_05,0,-1,
60.53,80,0,2,5,1.638,PS_Normal,Orc_GameStartRaider_Warrior_05,0,-1,
60.64,80,0,2,5,1.76,PS_Normal,Orc_GameStartRaider_Warrior_05,0,-1,
60.74,80,0,2,5,1.882,PS_Normal,Orc_GameStartRaider_Warrior_05,0,-1,
60.85,80,0,2,5,1.996,PS_Normal,Orc_GameStartRaider_Warrior_05,0,-1,
60.95,80,0,2,5,2.109,PS_Normal,Orc_GameStartRaider_Warrior_05,0,-1,
61.05,80,0,2,5,2.224,PS_Normal,Orc_GameStartRaider_Warrior_05,0,-1,
61.15,80,0,2,5,2.343,PS_Normal,Orc_GameStartRaider_Warrior_05,0,-1,
61.28,80,0,2,5,2.481,PS_Normal,Orc_GameStartRaider_Warrior_05,0,-1,
61.39,80,0,2,5,2.595,PS_Normal,Orc_GameStartRaider_Warrior_05,0,-1,
61.49,80,0,2,5,2.713,PS_Normal,Orc_GameStartRaider_Warrior_05,0,-1,
61.6,80,0,2,5,2.833,PS_Normal,Orc_GameStartRaider_Warrior_05,0,-1,
61.71,80,0,2,5,2.947,PS_Normal,Orc_GameStartRaider_Warrior_05,0,-1,
61.81,80,0,2,5,3.06,PS_Normal,Orc_GameStartRaider_Warrior_05,0,-1,
61.91,80,0,2,5,3.175,PS_Normal,Orc_GameStartRaider_Warrior_05,0,-1,
62.02,80,0,2,5,3.289,PS_Normal,Orc_GameStartRaider_Warrior_05,0,-1,
62.12,80,0,2,5,3.411,PS_Normal,Orc_GameStartRaider_Warrior_05,0,-1,
62.23,80,0,2,5,3.525,PS_Normal,Orc_GameStartRaider_Warrior_05,0,-1,
62.33,80,0,2,5,3.642,PS_Normal,Orc_GameStartRaider_Warrior_05,0,-1,
62.44,80,0,2,5,3.757,PS_Normal,Orc_GameStartRaider_Warrior_05,0,-1,
62.55,80,0,2,5,3.871,PS_Normal,Orc_GameStartRaider_Warrior_05,0,-1,
62.65,80,0,2,5,3.986,PS_Normal,Orc_GameStartRaider_Warrior_05,0,-1,
62.75,80,0,2,5,4.112,PS_Normal,Orc_GameStartRaider_Warrior_05,0,-1,
62.89,80,0,2,5,4.259,PS_Normal,Orc_GameStartRaider_Warrior_05,0,-1,
62.99,80,0,2,5,4.375,PS_Normal,Orc_GameStartRaider_Warrior_05,0,-1,
63.1,80,0,2,5,4.49,PS_Normal,Orc_GameStartRaider_Warrior_05,0,-1,
63.2,80,0,2,5,4.614,PS_Normal,Orc_GameStartRaider_Warrior_05,0,-1,
63.31,80,0,2,5,4.729,PS_Normal,Orc_GameStartRaider_Warrior_05,0,-1,
63.41,80,0,2,5,4.848,PS_Normal,Orc_GameStartRaider_Warrior_05,0,-1,
63.51,80,0,2,5,4.971,PS_Normal,Orc_GameStartRaider_Warrior_05,0,-1,
63.62,80,0,2,5,5.087,PS_Normal,Orc_GameStartRaider_Warrior_05,0,-1,
63.72,80,0,2,5,5.207,PS_Normal,Orc_GameStartRaider_Warrior_05,0,-1,
63.83,80,0,2,5,5.332,PS_Normal,Orc_GameStartRaider_Warrior_05,0,-1,
63.93,80,0,2,5,5.452,PS_Normal,Orc_GameStartRaider_Warrior_05,0,-1,
64.04,80,0,2,5,5.577,PS_Normal,Orc_GameStartRaider_Warrior_05,0,-1,
64.15,80,0,2,5,5.699,PS_Normal,Orc_GameStartRaider_Warrior_05,0,-1,
64.25,80,0,2,5,5.818,PS_Normal,Orc_GameStartRaider_Warrior_05,0,-1,
64.39,80,0,2,5,5.965,PS_Normal,Orc_GameStartRaider_Warrior_05,0,-1,
64.49,80,0,2,5,6.083,PS_Normal,Orc_GameStartRaider_Warrior_05,0,-1,
64.59,80,0,2,5,6.202,PS_Normal,Orc_GameStartRaider_Warrior_05,0,-1,
64.7,80,0,2,5,6.316,PS_Normal,Orc_GameStartRaider_Warrior_05,0,-1,
64.8,80,0,2,5,6.443,PS_Normal,Orc_GameStartRaider_Warrior_05,0,-1,
64.91,80,0,2,5,6.562,PS_Normal,Orc_GameStartRaider_Warrior_05,0,-1,
65.01,80,0,2,5,6.677,PS_Normal,Orc_GameStartRaider_Warrior_05,0,-1,
65.12,80,0,2,5,6.793,PS_Normal,Orc_GameStartRaider_Warrior_05,0,-1,
65.22,80,0,2,5,6.909,PS_Normal,Orc_GameStartRaider_Warrior_05,0,-1,
65.32,80,0,2,5,7.032,PS_Normal,Orc_GameStartRaider_Warrior_05,0,-1,
65.43,80,0,2,5,7.148,PS_Normal,Orc_GameStartRaider_Warrior_05,0,-1,
65.53,80,0,2,5,7.264,PS_Normal,Orc_GameStartRaider_Warrior_05,0,-1,
65.64,80,0,2,5,7.38,PS_Normal,Orc_GameStartRaider_Warrior_05,0,-1,
65.74,80,0,2,5,7.496,PS_Normal,Orc_GameStartRaider_Warrior_05,0,-1,
65.84,80,0,2,5,7.613,PS_Normal,Orc_GameStartRaider_Warrior_05,0,-1,
65.98,80,0,2,5,7.756,PS_Normal,Orc_GameStartRaider_Warrior_05,0,-1,
66.08,80,0,2,5,7.867,PS_Normal,Orc_GameStartRaider_Warrior_05,0,-1,
66.19,80,0,2,5,7.981,PS_Normal,Orc_GameStartRaider_Warrior_05,0,-1,
66.29,80,0,2,5,8.105,PS_Normal,Orc_GameStartRaider_Warrior_05,0,-1,
66.4,80,0,2,5,8.222,PS_Normal,Orc_GameStartRaider_Warrior_05,0,-1,
66.51,80,0,2,5,8.334,PS_Normal,Orc_GameStartRaider_Warrior_05,0,-1,
66.61,80,0,2,5,8.452,PS_Normal,Orc_GameStartRaider_Warrior_05,0,-1,
66.71,80,0,2,5,8.575,PS_Normal,Orc_GameStartRaider_Warrior_05,0,-1,
66.82,80,0,2,5,8.692,PS_Normal,Orc_GameStartRaider_Warrior_05,0,-1,
66.93,80,0,2,5,8.811,PS_Normal,Orc_GameStartRaider_Warrior_05,0,-1,
67.03,80,0,2,5,8.928,PS_Normal,Orc_GameStartRaider_Warrior_05,0,-1,
67.14,80,0,2,5,9.038,PS_Normal,Orc_GameStartRaider_Warrior_05,0,-1,
67.24,80,0,2,5,9.147,PS_Normal,Orc_GameStartRaider_Warrior_05,0,-1,
67.35,80,0,2,5,9.266,PS_Normal,Orc_GameStartRaider_Warrior_05,0,-1,
67.48,80,0,2,5,9.415,PS_Normal,Orc_GameStartRaider_Warrior_05,0,-1,
67.58,80,0,2,5,9.529,PS_Normal,Orc_GameStartRaider_Warrior_05,0,-1,
67.69,80,0,2,5,9.643,PS_Normal,Orc_GameStartRaider_Warrior_05,0,-1,
67.79,80,0,2,5,9.751,PS_Normal,Orc_GameStartRaider_Warrior_05,0,-1,
67.9,80,0,2,5,9.871,PS_Normal,Orc_GameStartRaider_Warrior_05,0,-1,
68.0,80,0,2,5,9.991,PS_Normal,Orc_GameStartRaider_Warrior_05,0,-1,
68.11,80,0,2,5,10.111,PS_Normal,Orc_GameStartRaider_Warrior_05,0,-1,
68.21,80,0,2,5,10.222,PS_Normal,Orc_GameStartRaider_Warrior_05,0,-1,
68.31,80,0,2,5,10.34,PS_Normal,Orc_GameStartRaider_Warrior_05,0,-1,
68.42,80,0,2,5,10.461,PS_Normal,Orc_GameStartRaider_Warrior_05,0,-1,
68.53,80,0,2,5,10.575,PS_Normal,Orc_GameStartRaider_Warrior_05,0,-1,
68.63,80,0,2,5,10.694,PS_Normal,Orc_GameStartRaider_Warrior_05,0,-1,
68.73,80,0,2,5,10.81,PS_Normal,Orc_GameStartRaider_Warrior_05,0,-1,
68.84,80,0,2,5,10.929,PS_Normal,Orc_GameStartRaider_Warrior_05,0,-1,
68.94,80,0,2,5,11.051,PS_Normal,Orc_GameStartRaider_Warrior_05,0,-1,
69.08,80,0,2,5,11.195,PS_Normal,Orc_GameStartRaider_Warrior_05,0,-1,
69.18,80,0,2,5,11.309,PS_Normal,Orc_GameStartRaider_Warrior_05,0,-1,
69.29,80,0,2,5,11.424,PS_Normal,Orc_GameStartRaider_Warrior_05,0,-1,
69.39,80,0,2,5,11.538,PS_Normal,Orc_GameStartRaider_Warrior_05,0,-1,
69.49,80,0,2,5,11.65,PS_Normal,Orc_GameStartRaider_Warrior_05,0,-1,
69.59,80,0,2,5,11.767,PS_Normal,Orc_GameStartRaider_Warrior_05,0,-1,
69.7,80,0,2,5,11.881,PS_Normal,Orc_GameStartRaider_Warrior_05,0,-1,
69.8,80,0,2,5,11.994,PS_Normal,Orc_GameStartRaider_Warrior_05,0,-1,
69.9,80,0,2,5,12.11,PS_Normal,Orc_GameStartRaider_Warrior_05,0,-1,
